{
	"module_RT0" : 
	[
		0.99998146295547485,
		0.0,
		-0.0060850419104099274,
		0.25196373462677002,
		0.0,
		1.0,
		0.0,
		-0.03443479910492897,
		0.0060850419104099274,
		0.0,
		0.99998146295547485,
		0.099968791007995605,
		0.0,
		0.0,
		0.0,
		1.0
	],
	"module_RT1" : 
	[
		0.99998146295547485,
		0.0,
		-0.0060850419104099274,
		0.12494309991598129,
		0.0,
		1.0,
		0.0,
		0.0052904682233929634,
		0.0060850419104099274,
		0.0,
		0.99998146295547485,
		-0.048926468938589096,
		0.0,
		0.0,
		0.0,
		1.0
	],
	"module_RT2" : 
	[
		1.0,
		0.0,
		0.0,
		0.0,
		0.0,
		1.0,
		0.0,
		0.0,
		0.0,
		0.0,
		1.0,
		0.0,
		0.0,
		0.0,
		0.0,
		1.0
	],
	"module_RT3" : 
	[
		0.99999487400054932,
		0.0,
		0.0032018311321735382,
		0.080575749278068542,
		0.0,
		1.0,
		0.0,
		0.031108152121305466,
		-0.0032018311321735382,
		0.0,
		0.99999487400054932,
		0.052504289895296097,
		0.0,
		0.0,
		0.0,
		1.0
	]
}
