{
	"module_RT0" : 
	[
		1.0,
		0.0,
		0.0,
		0.10192226767539978,
		0.0,
		1.0,
		0.0,
		0.036583825945854187,
		0.0,
		0.0,
		1.0,
		0.029968791007995605,
		0.0,
		0.0,
		0.0,
		1.0
	],
	"module_RT1" : 
	[
		1.0,
		0.0,
		0.0,
		0.074901647865772247,
		0.0,
		1.0,
		0.0,
		0.0031414402183145285,
		0.0,
		0.0,
		1.0,
		-0.048926468938589096,
		0.0,
		0.0,
		0.0,
		1.0
	],
	"module_RT2" : 
	[
		1.0,
		0.0,
		0.0,
		0.0,
		0.0,
		1.0,
		0.0,
		0.0,
		0.0,
		0.0,
		1.0,
		0.0,
		0.0,
		0.0,
		0.0,
		1.0
	],
	"module_RT3" : 
	[
		1.0,
		0.0,
		0.0,
		0.16976334154605865,
		0.0,
		1.0,
		0.0,
		0.064669519662857056,
		0.0,
		0.0,
		1.0,
		0.052504289895296097,
		0.0,
		0.0,
		0.0,
		1.0
	]
}
