{
	"module_RT0" : 
	[
		0.71945017576217651,
		-0.69379746913909912,
		0.0321953184902668,
		0.79052186012268066,
		0.69431424140930176,
		0.71963143348693848,
		-0.0076431343331933022,
		-0.050999701023101807,
		-0.017865976318717003,
		0.027852524071931839,
		0.99945235252380371,
		0.27507522702217102,
		0.0,
		0.0,
		0.0,
		1.0
	],
	"module_RT1" : 
	[
		1.0,
		0.0,
		0.0,
		0.0,
		0.0,
		1.0,
		0.0,
		0.0,
		0.0,
		0.0,
		1.0,
		0.0,
		0.0,
		0.0,
		0.0,
		1.0
	],
	"module_RT2" : 
	[
		1.0,
		0.0,
		0.0,
		-0.83792448043823242,
		0.0,
		1.0,
		0.0,
		2.1119189262390137,
		0.0,
		0.0,
		1.0,
		0.11535229533910751,
		0.0,
		0.0,
		0.0,
		1.0
	],
	"module_RT3" : 
	[
		1.0,
		0.0,
		0.0,
		-1.8047614097595215,
		0.0,
		1.0,
		0.0,
		4.5487480163574219,
		0.0,
		0.0,
		1.0,
		0.24845114350318909,
		0.0,
		0.0,
		0.0,
		1.0
	]
}
